﻿<?xml version="1.0" encoding="utf-8"?><Search><pages Count="64"><page Index="1"><![CDATA[5IF 8PSME T 'JOFTU "SDIJUFDUVSBM "DPVTUJDT
     'VMM -JOF $BUBMPH
































































                          3FBM"DPVTUJY .JDSP1

                          .JDSPQFSG XPPE BCTPSCFS]]></page><page Index="2"><![CDATA[]]></page><page Index="3"><![CDATA[Architectural Absorption





                                          Solutions]]></page><page Index="4"><![CDATA[]]></page><page Index="5"><![CDATA[]]></page><page Index="6"><![CDATA[]]></page><page Index="7"><![CDATA[]]></page><page Index="8"><![CDATA[]]></page><page Index="9"><![CDATA[DHA Panel







                                                          Wood Absorption Panel





                                                                                                   DHA 8/16






























                                                                                                                8mm Holes








              Illick Hall ESF/State University of New York

                    DHA 5/16
                                                                                             5mm Holes


                 The RealAcoustix DHA panelsprovide a wider architectural pallette to the acoustician
                 and architect. These panels are constructed of real wood veneers, HPL or painted
                 with a variety of hole patterns, including microperf, for tuning the acoustic needs
                 of a room. The DHA is a single hole product while the DHA/T is a T-hole product
                 providing a wider absorption curve while maintaining a smaller, less visible hole
                 in the front of the panel. Front perforations as small as .5mm are available.

                  h
                 The DHA panel is available in a wide variety of woods, stains and finishes to match
                 T  e D H
                 your decor.
                 Specifications:  Assortied cores up to 48” x 120” (4’ x 10’)
                 Standard finish is water-borne clear or color. Others available upon request



            Sample Absorrption Curve         .06   .09 .26  .57  .77  .99  1.04 .98   .7  .51   .48    .38     .32   .25   .20     .17    .16    .16
            .125 Front and .3125 T Hole      100 125 160 200 250 315 400 500 630 800 1000 1250 1600 2000 2500 3150 4000 5000]]></page><page Index="10"><![CDATA[]]></page><page Index="11"><![CDATA[]]></page><page Index="12"><![CDATA[FASTXposed
























































                                           Harman Flagship Store, New York, NY





           The RealAcoustix FAST Xposed panel is a mathmatically perforated panel that
           provides both tuned absorption and high-frequency diffusion. Available in a wide
           array of wood veneers and stains it both architecturally interesting and beautiful
           while providing excellent sound characteristics to any room.

           FAST Xposed Specifications:
           3/4” thick, custom sizes up to 5’ x 10’
                                        i
                                      t
                                 n

                                                 a
                                                    l
                                                i

                                             v

              s
                r
           A s o t  d v n  e s a  d s a n s a  a l b e
           Assorted veneers and stains available
                  e
                            r
                          e

                       e
           Options to meet ASTM E84 Class A fire code specifications
           Black fleece backing with Z-clip/Z-bar hanging or direct -mount options]]></page><page Index="13"><![CDATA[F.A.S.T.











                                             Frequency Absorbing Specified Tuning Panel






                                            FAST Xposed











       RealAcoustix does
       it again with the best
       tuned acoustic panels
       on the market. Carefully
       engineered with the
       goal of solid mid-band
           o
             p
                  n
        b
                    a

       absorption and
       a  s r  t o   n d
                i
       excellent high frequency
       diffusion, the FAST
       panel make a room
       come alive.
       The FAST Panel comes                        Chicago Symphony
       in several different
                a
                r
                  t
                   i
                   o
                                  T
                               A
                          h
                            e
                              F

                         T
                                 S
                     n
                      s

                        .
            i
        o
          n
           f
              u
       configurations. The FAST                    Control Room
       c
             g
       Xposed panel is wood
       veneer with an exposed
       face to catch the eye.
       The standard FAST Panel
       comes covered with a wide variety of
       acoustic fabrics. Either way, the results
                               i
                                s
                                  t
                                         n
                                    p

                                           t
                                                   l
                                                     .
                                             e
                                               w


            h

       a e t e b  s   a  e   f  t   y e i   h    o r d                                Fabric-covered FAST
       are the best panel of its type in the world.
        r
                        n
                            o
                           l
                 e
                    t
                     p
       Specifications:
       Sizes: Up to 48” wide x 96” long.  1”, 2” and 4” depths
       Wood veneer or acoustic fabric-covered faces with
       hundreds of style and color options available.
       Call RealAcoustix for more information!]]></page><page Index="14"><![CDATA[FAST Radii







                                                                     Curved FAST Panel










                                            FAST Xposed






































          The FAST Curved panel is part of our extensive
          line of FAST products. It provides both focused
          absorption with the added benefit of curved reflection
          at lower frequencies for better sound distribution.


          Specifications:
          Size: 24” wide x 48“ tall, 8’ radius with
          FAST template, Cleat mounting
          F
          All materials are ASTM E84
          Class “A” fire-rated
          Fabric covered with hundreds of style
           and color options available.

          Call RealAcoustix or your representative
          for more information!]]></page><page Index="15"><![CDATA[]]></page><page Index="16"><![CDATA[]]></page><page Index="17"><![CDATA[]]></page><page Index="18"><![CDATA[]]></page><page Index="19"><![CDATA[]]></page><page Index="20"><![CDATA[]]></page><page Index="21"><![CDATA[]]></page><page Index="22"><![CDATA[G-Bracket












































                                                                                        The RealAcoustix Grid
                                                                                        Bracket, the G-Bracket,
                                                                                        is designed to create an
                                                                                        easy and secure method
                                                                                        for hanging ceiling panels
                                                                                        of all types.


                                                                                                    e
                                                                                                    l
                                                                                                     x
                                                                                                       d

                                                                                                  p

                                                                                            n
                                                                                              c
                                                                                                m
                                                                                               o
                                                                                                         e
                                                                                                                 l

                                                                                                                 i
                                                                                                                   e
                                                                                                                  k
                                                                                                                ,
                                                                                                           i
                                                                                                          s
                                                                                                            g
                                                                                                              s
                                                                                                             n
                                                                                          e
                                                                                        Even complex designs, like
                                                                                         v
                                                                                        E
                                                                                        that shown above, can be
                                                                                        easily hung using the sturdy
                                                                                        G-Bracket. Designed to be
                                                                                        used in conjunction with heavy-
                                                                                        duty ceiling grid (15/16”) the
                                                                                        panels simply slip over the grid
                                                                                                           l

                                                                                        a d c  n h l   a  e s i   x e s
                                                                                                         n
                                                                                                      p
                                                                                                    d
                                                                                        and can hold panels in excess
                                                                                                                e

                                                                                             a
                                                                                         n

                                                                                                              n
                                                                                                  o
                                                                                                                   c
                                                                                                                     s
                                                                                        of 85 Lbs. in a set of four.
                                                                                        The G-Bracket mount is now
                                                                                        available for all of our popular
                                                                                        ceiling designs including DHA,
                                                                                        DSA, MicroP and WaveFM
                                                                                        products. Installation is made
                                                                                         a
                                                                                                                 E
                                                                                                t
                                                                                                                K
                                                                                               i
                                                                                        e
                                                                                                                   T
                                                                                                                    !
                                                                                           y
                                                                                             w

                                                                                          s
                                                                                                h
                                                                                                         B
                                                                                                    e
                                                                                                          R
                                                                                                      G
                                                                                                        -

                                                                                        easy with the G-BRACKET!
                                                                                                              C

                                                                                                            A
                                                                                                   h
                                                                                                  t
      RealAcoustix LLC 2361 B Avenue  Ogden, UT 84404  801-782-1010 Email: info@RealAcoustix.com www.RealAcoustix.com]]></page><page Index="23"><![CDATA[A.R.P.









                                        Angled Reflective/Diffusive and Absorptive Panel








                                            FAST Xposed
























    RealAcoustix does
    it again with the best
    angled reflector/diffuser/absorber
    line in the industry. With fully

    customized capability, RA does
    not restrict the acoustician or
                              t

                               n

                 b
               t
                           l
                        p
                      t

                                                   o
                                                        n
                                                              .
                                                            l

                                     n
                                           e
                                                 n
                                              i
            e
           t
    architect by stipulating one design or angle.
    a  c  i  c    y  s i  u a  i g  o  e d   s g     r a  g e
      r
        h
    The A.R.P. is also available with
    our renowned FlutterX product
    attached to provide excellent HF
    diffusion. Expand your acoustic
    pallet with the A.R.P. panel!
                                             Custom fabric-wrapped MDF panels with


                                             angled fabric design. Cobleskill Univ. N.Y.







































    Specifications:
    Sizes: Up to 48” wide x 120” long. custom depths and angles available
    Single angles and dual angled panels also available
    Wood veneer, PLAM, fabric and painted surfaces available
    Call RealAcoustix or your representative for more information!]]></page><page Index="24"><![CDATA['LIIXVLRQ]]></page><page Index="25"><![CDATA[]]></page><page Index="26"><![CDATA[]]></page><page Index="27"><![CDATA[1HZ (QJODQG 6FKRRO RI &RPPXQLFDWLRQ]]></page><page Index="28"><![CDATA[]]></page><page Index="29"><![CDATA[]]></page><page Index="30"><![CDATA[]]></page><page Index="31"><![CDATA[]]></page><page Index="32"><![CDATA[ClearQ 450










                                                   Clear Acrylic Quadratic Residue Diffuser






       Cool achieves a
       whole different level                FAST Xposed
       with the ClearQ 450

       Quadratic Residue
       Diffuser.


       It’s clear to see the
                   e
                     .
                      .
               n
          f
             r
       difference....
        i
       d f e  e  c  . .

































                 Specifications:
                 Size: 23.625” wide x 47.25“ or 60” tall. Custom sizes available (extra charges apply)
                 Constructed of clear, transparent color or solid color acrylic plastic
                 Acoustical performance specifications equal to standard wood RQS450


                 Call RealAcoustix or your representative for more information!]]></page><page Index="33"><![CDATA[]]></page><page Index="34"><![CDATA[]]></page><page Index="35"><![CDATA[]]></page><page Index="36"><![CDATA[]]></page><page Index="37"><![CDATA[]]></page><page Index="38"><![CDATA[]]></page><page Index="39"><![CDATA[The RealDiff LD represents the
                                                                                largest 2D Quadratic in the
                                                                                RealAcoustix line of diffusers.
                                                                                With a Schroeder cutoff of

                                                                                450Hz, the RealDiff LD is
                                                                                capable of providing additional
                                                                                                  y
                                                                                                      i
                                                                                                    d

                                                                                              n
                                                                                             e
                                                                                           u
                                                                                                c
                                                                                         q
                                                                                       r
                                                                                        e
                                                                                                      f
                                                                                                                 w

                                                                                                                   e
                                                                                                                     l
                                                                                                                    l
                                                                                                              n
                                                                                                        u
                                                                                                       f
                                                                                                          s
                                                                                                            o
                                                                                                            i
                                                                                      f
                                                                                   w
                                                                                 o
                                                                                l
                                                                                low frequency diffusion well

                                                                                beyond that of most 2D diffusers
                                                                                Available in all available veneers
                                                                                stains and solid color finishes,
                                                                                the RealDiff LD is ready to
                                                                                enhance your environment with
                                                                                the finest diffusion available
                                                                                                                          x
                                                                                                                         i
                                                                                         e
                                                                                                          R
                                                                                     w
                                                                                                              a
                                                                                                                A
                                                                                                                       s
                                                                                                                    o
                                                                                                        t
                                                                                anywhere. Contact RealAcoustix
                                                                                a   y  h   r .   o  t  c    e  l  c  u  t

                                                                                               C
                                                                                                   n
                                                                                                     a
                                                                                            e
                                                                                  n
                                                                                for more information.
             Specifications:
             Size: 23 5/8” x 23 5/8” x 8” deep  Drop Ceiling model adapts to a standard 2x2 grid
             Fire rating: Class “A” ASTM E84 for all commercial applications
             Finishes: Any veneer, stain or finish including solid colors

                          RealAcoustix LLC 2361 B Avenue Ogden, UT 84404  (801) 782-1010
                          Website: www.RealAcoustix.com  Email: Info@RealAcoustix.com]]></page><page Index="40"><![CDATA[5HDO'LII +9



















































                                           7KH QHZ VWDQGDUG LQ

                                           WZR GLPHQVLRQDO
                                           TXDGUDWLF UHVLGXH GLIIXVHUV


            7KH 5HDO'LII +9  KRUL]RQWDO YHUWLFDO  GLIIXVHU UHSUHVHQWV D QHZ ZD\ WR ORRN DW
            WZR GLPHQVLRQDO GLIIXVHUV  8WLOL]LQJ DOWHUQDWLQJ     VHTXHQFH ]RQHV WKH 5'+9
            DOORZV IRU EHWWHU GLVSHUVLRQ  EHWWHU KLJK IUHTXHQF\ UHVSRQVH DQG OHVV ORELQJ
            WKDQ RWKHU  PRUH FRQYHQWLRQDO   ' GHVLJQV  $YDLODEOH LQ D ZLGH YDULHW\ RI ZRRG

            YHQHHUV DQG FXVWRP VWDLQV  WKH 5'+9 LV D ORRN DW WKH IXWXUH RI DFRXVWLF GLIIXVLRQ


            5HDO'LII +9 6SHFLILFDWLRQV



                                         [



                                                              H
                                                                 S
                                                    ´
                                                      [

                                      ´
                  Q
                      L
              P
            ' L  H  V R   V                               ´ G  H
            'LPHQVLRQV         ´ [       ´ [  ´ GHHS
                        Q





            )UHTXHQF\ 5HVSRQVH       +]       .+]  VFDWWHULQJ GLIIXVLRQ FRHIILFLHQWV
            0DWHULDOV   0') FRUH ZLWK VHOHFW YHQHHUV  &XVWRP VWDLQV DOVR DYDLODEOH
            )LUH 5DWLQJ  $YDLODEOH DV D &ODVV ³$´ ILUH UDWHG SURGXFW  H[WUD FKDUJHV DSSO\]]></page><page Index="41"><![CDATA[]]></page><page Index="42"><![CDATA[_
                                                  GuD Panel








                                                      Geometric Uniform Diffuser





                         The World’s most efficient quadratic residue diffuser














































         The GuD Panel represents the culmination of quadratic residue
         diffuser optimization. This patented design allows for no low
         frequency absorption below the cutoff limit thereby increasing
         scattering performance by over 250% over any other QRD in
         the world. Available in both hardwood and painted MDF models
         the GuD Panel (pronounced “good”) adds a new dimension to
                                                                             r
                                                                            o
                                                                           f
                                                                         n
                                                                              m
                                                                                  t
                                                                                   i
                                                                                    o
                                                                                 a

                                                                 m
                                                               r
                                                            f
                                                             o

                                                                        i
                                                                      e
                                                                   o
                                                                     r
                                                                                      n
                                                                                                      u
                                                                                                        D
                                                                                                    G
                                                                                                 D


                                                                                                                e
                                                                                                                 l
                                                                                                              n
                                                                                                           P
                                                                                                            a



                                                                                        !



                                                                                                2




                        i
                         f
                     “
                      D
                          f
                              e
                                r
                           u
                            s

          h
            e
         the term “Diffuser”. Call RealAcoustix for more information!         2D GuD Panel
         t

                r
                 m
              t
               e
                                 ”
                                                 c
                                                   o
                                               l
                                               A
                                                     u
                                                         i
                                                          x
                                                      s
                                                        t
                                             a
                                    C
                                      a
                                  .

                                       l
                                            e
                                          R
                                        l

         Specifications:
         Sizes:  24” x 24”, 24” x 48” & Drop-ceiling 2x2 & 2x4. 1D and 2D available. 1D shown.
         Depths: 1” and 1 3/4” , Sequence 19 prime design, patented assymetric optimized cells
         Maple, Cherry, Walnut and many other hardwoods available as well as MDF.]]></page><page Index="43"><![CDATA[_
                                                  GuD DCT









               Geometric Uniform Diffuser for Drop-Ceilings




                         The World’s most efficient quadratic residue diffuser














































         The GuD Panel represents the culmination of quadratic residue
         diffuser optimization. This patented design allows for no low
         frequency absorption below the cutoff limit thereby increasing
         scattering performance by over 250% over any other QRD in
         the world. Available in both hardwood and painted MDF models
         the GuD Panel (pronounced “good”) adds a new dimension to          2D GuD Panel
                                                            f

                                                               r

                                                             o
                                                          x
                                                 c
                                                   o
                                               l
                                               A
                                                        t
                                                         i
                                                     u
                                                      s
                                                                                 a
                                                                                  t
                                                                             r
                                                                              m
                                                                                      n
                                                                                        !
                                                                                   i
                                                                                    o
                                                                            o
                                                                     r
                                                                      e
                                                                 m
                                                                   o
                                                                         n
                                                                           f

                                                                        i
                                             a

                 m
                r
                     “
                         f
                        i
                      D
          h
         t
         the term “Diffuser”. Call RealAcoustix for more information!
            e
               e
              t

                          f
                                       l
                                      a
                                    C
                                        l
                                            e
                                          R

                              e
                           u
                            s
                                r

                                  .
                                 ”
         Specifications:
         Sizes:  23.5” x 23.5” (2x2 grid) and 23.5” x 47.625” (2x4 grid) 1D and 2D available
         Depths: 1” and 1 3/4” , Sequence 19 prime design, patented assymetric optimized cells
         Maple, Cherry, Walnut and many other hardwoods available as well as MDF.]]></page><page Index="44"><![CDATA[]]></page><page Index="45"><![CDATA[]]></page><page Index="46"><![CDATA[]]></page><page Index="47"><![CDATA[]]></page><page Index="48"><![CDATA[]]></page><page Index="49"><![CDATA[RealGobo































































                                                               Easy Counterweight
                                                               Fill Port

                                                                                                Custom low-profile

          Custom RealGobo Window                                                                heavy-duty wheel
                                                                                                plate w/ 4” casters


              The RealGobo is the answer to portable acoustic isolation, absorption and diffusion. The
              RealGobo incorporates the best and most stable gobo base available. Easy to roll with
              low leakage the RealGobo is also available with windows for artist to artist or artist to
              engineer sightlines. Standard size is 78” high x 42” wide x 6” deep. Available with RealAB
              panels on both sides or GuD and/or FlutterX diffusers on one side. Custom sizes available.]]></page><page Index="50"><![CDATA[%DVV0RG













                                                                        7KH %DVV0RG VHULHV RI WXQHG EDVV WUDSV
                                                                        RIIHUV WKH ZLGHVW H[SDQVH RI IUHTXHQF\
                                                                        VSHFLILF EDVV DEVRUEHUV LQ WKH ZRUOG
                                                                        0XOWLSOH PRGHOV SURYLGH GLIIHUHQW IUHTXHQF\
                                                                        FHQWHUV  GLIIHUHQW 4¶V DQG PXOWLSOH VL]HV
                                                                        DQG W\SHV WR ILW \RXU HQYLURQPHQW  &XVWRP

                                                                                         J
                                                                                       L
                                                                                              U
                                                                                                     L
                                                                                                  Y

                                                                                    X
                                                                         L
                                                                        VL]HV DQG WXQLQJV DUH DYDLODEOH IURP   +]
                                                                        V ] V D  G W  Q Q  V D H D  D O E H I R P      ]
                                                                           H

                                                                                Q


                                                                                                             U
                                                                                                                    +

                                                                                                      D
                                                                                                         O
                                                                        WR    +] DV WKH FHQWHU IUHTXHQF\  7KH
                                                                        %DVV%R[ DQG %DVV0RG VHULHV SURYLGH WKH
                                                                        PRVW DFFXUDWH DQG HIILFLHQW EDVV WUDSV
                                                                        DYDLODEOH DQ\ZKHUH LQ WKH ZRUOG
         &KLFDJR 6\PSKRQ\ %DVV0RG  5HG SDQHOV
           %DVV0RG 0RGHOV
           %DVV0RG         ´ [   ´ ZLWK  ´ WR  ´ GHSWKV
           %DVV0RG         ´ [   ´ ZLWK  ´ WR  ´ GHSWKV
           %DVV0RG         ´ [   ´ ZLWK  ´ WR  ´ GHSWKV
           %DVV0RG &RUQHU       ´ ZLGH ZLWK   ´ RU
                           JUHDWHU KHLJKW    ´ GHHS
                                         Z
                                       ´
                                                  K

                                                       ´
                                                 W
                                           G

                                                         R
           % D  V  R G & R Q  U            L H Z L        U



                          U
                            H
           %DVV0RG &RUQHU        ´ ZLGH ZLWK   ´ RU
                 0


               V
                           JUHDWHU KHLJKW    ´ GHHS
           &XVWRP VL]HV DUH DYDLODEOH  6L]H RI WKH XQLW PD\
           DIIHFW SHUIRUPDQFH VR SOHDVH FDOO WR GLVFXVV \RXU
           SDUWLFXODU QHHGV  $OO XQLWV DUH $670 (   &ODVV $
           ILUH UDWHG DQG FRQVWUXFWHG RI $PHULFDQ 3O\ZRRG
           DQG RWKHU ILQH PDWHULDOV  'LDSKUDJPV PD\ YDU\
                                                        V

                                                       W
                                                      Q
                         R
                          G

                       P

                              D
                            H
                             O
                     Q
             D
              V
           EDVHG RQ PRGHO DQG RWKHU UHTXLUHPHQWV
           E

                   R
                H
                 G
                                Q
                                            T
                                              X
                                           H

                                          U
                                                  P
                                                    H
                                                 H
                                               L
                                                U
                                   R
                                     W
                                 G

                                      K
                                        U
                                       H
                                                                                       %DVV0RG
                                                                                           ([DPSOH
                            5HDO$FRXVWL[ //&       % $YHQXH  2JGHQ  87       86$
               3KRQH                  (PDLO  ,QIR#5HDO$FRXVWL[ FRP  ZZZ 5HDO$FRXVWL[ FRP]]></page><page Index="51"><![CDATA[%DVV0RG
















                                                                                         Ļ 5  -- ) 5jnol5#-5." 5
                                                                                         & ,! -.5 ( 5')-.5 )'*& 2
                                                                                           --5., *5#(5." 5  5&#( 8

                                                                                           -#!(  5*,#' ,#&35 ),5
                                                                                          #!! ,50 (/ -65." 5jnol
                                                                                         )Ŀ ,-5." 5"#!" -.5

                                                                                            #
                                                                                         , .  !  5  5     (  / . 3   .
                                                                                         , .#(!-5#(5." 5#( /-.,35 .
                                                                                             (
                                                                                                              -

                                                                                                         #

                                                                                                                   5
                                                                                                                ,
                                                                                                  (
                                                                                                  #
                                                                                                -
                                                                                                        5
                                                                                                     "
                                                                                                    .
                                                                                           (. ,5 , +/ ( 35Bg8g5 0!8C8
                                                                                          #% 5." 5, -.5) 5." 5  -- )
                                                                                         &#( 65#.5 &-)5)Ŀ ,-5 51#
                                                                                          ")#  5) 5  (. ,5 , +/ ( # -
                                                                                         .)5." 5/- ,8
                                                                                          *  #ŀ 5')  &-5) 5." 5jnol
                                                                                              )

                                                                                                    5
                                                                                          &-)5)Ŀ ,5 / &5  (. ,5 , +/ ( 3
                                                                                          &
                                                                                            )

                                                                                                                      /
                                                                                                                         (
                                                                                                                 5


                                                                                                                            3

                                                                                                         5


                                                                                                            (
         &KLFDJR 6\PSKRQ\ %DVV0RG  5HG SDQHOV                                              - 5 Ŀ  ,   / &     . ,  , +
                                                                                         )*.#)(-5 ),5 #Ń /&.5,))'-
                                                                                         1#."5'/&.#*& 5#--/ -8
                                                                                          &  - 5, 0# 15)/,5jnol5 jhi
                                                                                         . -.5  . 5.)5  . ,'#( 51"# "
                                                                                         ')  &5  -.5-/#.-53)/,5*,)$  .8
                                  %DVV0RG
                                ZLWK IDEULF ILQLVK
          %DVV0RG 0RGHO                                                      )LQLVKHV   )DEULF FRYHU  6WDQGDUG
          %DVV0RG         ´ [   ´ ZLWK  ´ WR  ´ GHSWKV                              3DLQWHG ¿QLVK DOVR DYDLODEOH
          7KH GHSWK DQG RWKHU IDFWRUV DIIHFW WKH FHQWHU                      &HQWHU IUHTXHQFLHV     +]    +]    +]
          IUHTXHQF\ DQG 4 VR SOHDVH UHYLHZ DOO GDWD                                           +]
          FDUHIXOO\  $OO XQLWV DUH $670 (   &ODVV $
          ILUH UDWHG DQG FRQVWUXFWHG RI $PHULFDQ 3O\ZRRG                     &XႋRP )UHTXHQFLHV DYDLODEOH
                                                        \
                                                          Y
                                    V

                                                 P
                                              D
                                         D
                                           K

                                      '
                                                             U
                W
                              W

                  H
                      L
                       Q

                                U
                                  D

          DQG RWKHU ILQH PDWHULDOV  'LDSKUDJPV PD\ YDU\
          D  G R K  U I  H P D H L O    L S  U J   V P D    D \               H[WUD FKDUJHV DSSO\

           Q
          EDVHG RQ PRGHO DQG RWKHU UHTXLUHPHQWV
                            5HDO$FRXVWL[ //&       % $YHQXH  2JGHQ  87       86$
               3KRQH                  (PDLO  ,QIR#5HDO$FRXVWL[ FRP  ZZZ 5HDO$FRXVWL[ FRP]]></page><page Index="52"><![CDATA[%DVV0RG
















                                                                                      Ļ 5  -- ) 5jnjn5#-5." 5
                                                                                      ." 5')-.5*)*/& ,5  --5
                                                                                      ., *5#(5." 5  5&#( 8
                                                                                       #% 5." 5 (.#, 5  -- )
                                                                                      &#( 65." 5  -- ) 5jnjn
                                                                                      )Ŀ ,-5." 5"#!" -.5
                                                                                             -
                                                                                          (
                                                                                               (
                                                                                               #
                                                                                      , .#(!-5#(5." 5#( /-.,35 .
                                                                                      , .   ! 5  5    #    - ,  5
                                                                                         #

                                                                                                  .
                                                                                                               3
                                                                                                            .
                                                                                                                  .

                                                                                                   "
                                                                                                     5
                                                                                                          /
                                                                                                       (
                                                                                        (. ,5 , +/ ( 35Bg8g5 0!8C8
                                                                                       #% 5." 5, -.5) 5." 5  -- )
                                                                                      &#( 65#.5 &-)5)Ŀ ,-5 51#
                                                                                       ")#  5) 5  (. ,5 , +/ ( # -
                                                                                      .)5." 5/- ,8
                                                                                      Ļ 5  -- ) 5jnjn5#-5
                                                                                          #
                                                                                            (

                                                                                         - !    5  5  . ( ) '  ) .
                                                                                        -#!(  5.)5ŀ.5#(.)5')-.5

                                                                                                      5
                                                                                                            5
                                                                                                         .
                                                                                                       #
                                                                                                                -
                                                                                                  )
                                                                                                 .
                                                                                                                  5
                                                                                                    ŀ
                                                                                       (0#,)(' (.-51#.")/.5
                                                                                      -  ,#ŀ #(!5* , ),' (
                                                                                       &  - 5, 0# 15)/,5jnjn5 jhi
                                                                                      . -.5  . 5.)5  . ,'#( 51"# "
                                                                                      ')  &5  -.5-/#.-53)/,5*,)$  .8
                                  %DVV0RG
                                ZLWK IDEULF ILQLVK
          %DVV0RG 0RGHO                                                      )LQLVKHV   )DEULF FRYHU  6WDQGDUG
          %DVV0RG         ´ [   ´ ZLWK  ´ WR  ´ GHSWKV                              3DLQWHG ¿QLVK DOVR DYDLODEOH

          7KH GHSWK DQG RWKHU IDFWRUV DIIHFW WKH FHQWHU                      &HQWHU IUHTXHQFLHV     +]    +]    +]
          IUHTXHQF\ DQG 4 VR SOHDVH UHYLHZ DOO GDWD                                           +]
          FDUHIXOO\  $OO XQLWV DUH $670 (   &ODVV $
          ILUH UDWHG DQG FRQVWUXFWHG RI $PHULFDQ 3O\ZRRG                     &XႋRP )UHTXHQFLHV DYDLODEOH
                  H

                                                        \
                      L
          DQG RWKHU ILQH PDWHULDOV  'LDSKUDJPV PD\ YDU\

                                                 P
           Q

                                           K
                W
                                              D
                                         D
                                  D
                                U
          D  G R K  U I  H P D H L O    L S  U J   V P D    D \               H[WUD FKDUJHV DSSO\
                                    V

                                      '
                              W
                                                             U
                       Q
                                                          Y


          EDVHG RQ PRGHO DQG RWKHU UHTXLUHPHQWV
                            5HDO$FRXVWL[ //&       % $YHQXH  2JGHQ  87       86$
               3KRQH                  (PDLO  ,QIR#5HDO$FRXVWL[ FRP  ZZZ 5HDO$FRXVWL[ FRP]]></page><page Index="53"><![CDATA[%DVV0RG

















                                                                          Ļ 5  -- ) 5ihjn5#-5." 5
                                                                          ." 5& . -.5  #.#)(5  --5
                                                                          ., *5#(5." 5  5&#( 8
                                                                          Ļ 5  -- ) 5ihjn5#-5
                                                                            -#!(  5.)5ŀ.5#(.)5-./ #)-6
                                                                          &#-. (#(!5,))'-5 ( 5)." ,
                                                                           (
                                                                             0 , (      . 5  " ,  5
                                                                           (0#,)(' (.-51" , 5-*
                                                                              #

                                                                                           1
                                                                                         -


                                                                                                   *
                                                                                                  -
                                                                                )
                                                                                   '
                                                                                       (
                                                                          ' 35  5&#'#.  8
                                                                           #% 5." 5 (.#, 5  -- )
                                                                          &#( 65." 5  -- ) 5jnjn
                                                                          )Ŀ ,-5." 5"#!" -.5
                                                                          , .#(!-5#(5." 5#( /-.,35 .
                                                                            (. ,5 , +/ ( 35Bg8g5 0!8C8

                                                                                    5
                                                                                       -
                                                                                        .
                                                                                    ,


                                                                             %
                                                                            #
                                                                                 "
                                                                                .
                                                                               5
                                                                                         5
                                                                                                    -


                                                                                                     -

                                                                                                         )

                                                                                           5

                                                                                         )
                                                                                            .
                                                                                                5

                                                                                             "

                                                                           #% 5." 5, -.5) 5." 5  -- )
                                                                          &#( 65#.5 &-)5)Ŀ ,-5 51#
                                                                           ")#  5) 5  (. ,5 , +/ ( # -
                                                                          .)5." 5/- ,8
                                                                           &  - 5, 0# 15)/,5ihjn5 jhi
                                  %DVV0RG                                 . -.5  . 5.)5  . ,'#( 51"# "
                                ZLWK IDEULF ILQLVK                        ')  &5  -.5-/#.-53)/,5*,)$  .8
          %DVV0RG 0RGHO                                                      )LQLVKHV   )DEULF FRYHU  6WDQGDUG
          %DVV0RG         ´ [   ´ ZLWK  ´ WR  ´ GHSWKV                              3DLQWHG ¿QLVK DOVR DYDLODEOH
          7KH GHSWK DQG RWKHU IDFWRUV DIIHFW WKH FHQWHU                      &HQWHU IUHTXHQFLHV     +]    +]    +]
          IUHTXHQF\ DQG 4 VR SOHDVH UHYLHZ DOO GDWD                                           +]
          FDUHIXOO\  $OO XQLWV DUH $670 (   &ODVV $
          ILUH UDWHG DQG FRQVWUXFWHG RI $PHULFDQ 3O\ZRRG                     &XႋRP )UHTXHQFLHV DYDLODEOH
                                                        \
           Q


                      L
                                                          Y


                                         D
                                      '
                                           K
                  H
                                                 P
                                              D
                              W
                                U
          D  G R K  U I  H P D H L O    L S  U J   V P D    D \               H[WUD FKDUJHV DSSO\
                       Q

          DQG RWKHU ILQH PDWHULDOV  'LDSKUDJPV PD\ YDU\

                                    V
                W
                                  D
                                                             U
          EDVHG RQ PRGHO DQG RWKHU UHTXLUHPHQWV
                            5HDO$FRXVWL[ //&       % $YHQXH  2JGHQ  87       86$
               3KRQH                  (PDLO  ,QIR#5HDO$FRXVWL[ FRP  ZZZ 5HDO$FRXVWL[ FRP]]></page><page Index="54"><![CDATA[]]></page><page Index="55"><![CDATA[Fabric Absorption







                 & STC Products]]></page><page Index="56"><![CDATA[RealAB







                                                         Acoustic Absorption Panels

























        TThe RealAB panel absorber is an
        elegant solution for everyday acoustic
        problems. Used in many different room
        applications the RealAB solves issues
        of too much reverberation and echo,
        bringing better clarity to your room.


                            x
         h
                                                i
                                              l
                           i
                                           n
                                    A
                                 a
                a

                              R
                  A
                                        p
                      o
                         s
                                                s
        T  e R e  l c  u  t     e  l  B   a  e
        The RealAcoustix RealAB panel is
        available in over 100’s of different styles
        and 100‘s of colors of fabrics.
        The RealAB panel meets all
        LEED and Greengard certifications.
        Specifications:  RealAcoustix RealAB Panel
        Utilizes LEED certified fiberglass substrate

                                s
                         r
                          e
                              l
                            C
                               a
                        a
                                              -
                                               r
                                            r
                                             e
                                                  e
                                                    d
                                                a
                                                 t
                                    “
                                     A
                                  s

                                         F
                                           i
                                       ”

               t
              a
         l
                   a
                  r
                   i
                e
                     l


        All materials are Class “A” Fire-rated
          l
            m
                      s
        A
        Square or chamfered edges available
        All edges are resin-hardened for durability
        Choice of fabrics from our Guilford of Maine
        line or other manufacturers available.
        Custom fabrication in any size, shape or style
        with a maximum size of 48” x 120” (4’ x 10’)
         ”
                                                       a
                                              e
                                             s
                                                         b
                                                           e
                                           s
                                                          l
          ,

                                                     a
                                                  a
                                                   v
                                               s
                                                       l
        1
                                                      i
        1”, 1 1/2“, 2”, 3“ & 4” thicknesses available
                   ,
                            &


                                ”
                  “
                               4
                         3

                       ,
                      ”

                    2
                          “
                2
            1
                                       k

                                          e

                                        n
                                     c
                                  t
               /

                                   h
                                     i
              1
                    Contact RealAcoustix or your representative for more information]]></page><page Index="57"><![CDATA[S.A.P.








                                                         Super Absorption Panels

























        The RealAcoustix S.A.P. absorber
        defines and dramatically improves the
        overall broadband performance of
        fabric-wrapped panels. Utilizing multi-
        layer technologies the Super Absorption
        Panel improves low frequency response
                                            n
                 t
                                         l
              e
           g
                                                    u
                                               e

                                 a
                         n
                              %
                           3
                                    d
                                      b
                   r
                      h
                     t
         y
        by greater than 35% and balances out
        b    r a  e    a     5    n     a a  c  s o  t
        the absorptive performance for superior
        performance over multiple octaves
                                                                                                          Tabor College, Hillsboro KS
        Specifications:  RealAcoustix S.A.P. Panel
        Utilizes LEED certified fiberglass substrate
        All materials are Class “A” Fire-rated
                                                                e
                                       n
                                      u
                                 r
                                o

                                    o
                                   r

                                         d
                                                         a
                                                        v
                                                d
                                                 g
                                                    s

                                                   e
                                                      a
                                                           i
                                          e
                                                            a
                                                               l
                                                              b
                                              e
                                                           l
                                            d


                ,
                  c
         q
                   h
           u
              r
             a
               e
        S
        Square, chamfered or rounded edges available
                     a
                          e
                             d
                           r
                            e
                      m
                         f
        All edges are hardened using green materials
        for durability and oder-free, Class A ratings
        Choice of fabrics from all popular manufacturers
        Custom fabrication in any size, shape or style
        with a maximum size of 48” x 120” (4’ x 10’)
        2 1/8” and 4 1/8”  thicknesses available
                                                                  e
                                                               e
                                                            p
                                                                                             o
                                                                                          n

                                                                                               m

                                                                                                     o
                                                                                                   t
                                                                         v
                                                                       t
                                                                     t

                                                                                      r

                                                                              o
                                                         r

                                         s
                     n
                                            x

                                            i
                          t
                                a
                            R
                                      o
                       a
                                  A


                                                      u

                 C o  t  c    e  l  c  u   t    r   o  r  e  r  s  n  a i  e f  r m o  e i  f r   a i  n

                    Contact RealAcoustix or your representative for more information


                                               o

                                                  y]]></page><page Index="58"><![CDATA[AngleAB






                                                         Acoustic Absorption Panels



























       TThe AngleAB panel absorber is an
       elegant solution for everyday acoustic
       problems. Used in many different room
       applications the RealAB solves issues
       of too much reverberation and echo,
       bringing better clarity to your room.

                a
                  A
         h

                           i
                            x
                      o
                         s
       T   e R e l  c  u  t
       The RealAcoustix AngleAB panel is
       available in dozens of fabric styles
       and hundreds of colors. The AngleAB
       panel meets all LEED and Greengard
       certifications.
       Specifications:  RealAcoustix AngleAB Panel
       Utilizes LEED certified fiberglass substrate
                 r
               t
                                    “
                                  s
                            C
                        a
                          e
                   a
                               a
                     s
       All materials are Class “A” Fire-rated
          l
                                               r
                                                   d
                                                 t
                                            e
       A l m  a e  i l   r    l s    A ” F r  - a e
                                           i


       Square, chamfered or rounded edges available
       All edges are resin-hardened for durability
       Custom fabrication in any size, shape or style
       with a maximum size of 48” x 120” (4’ x 10’)
       1”, 2”, 3“ & 4” thicknesses available
       Test data is the same as the RealAB product.
                                                                                            o
                                                                                               m

                                                                                          n
                                                         r
                                                     u


                                                                                                   t
                                                                                                     o
                                                           p
                                                                              o
                                                                     t
                                                                       t
                                                                         v

                                                              e
                                                                                     r
                                                                                 m

                                                                 e



                    n


                   Contact RealAcoustix or your representative for more information
                 C o  t  c    e  l  c  u  t     r   o  r  e  r  s  n  a i e  f r    o  e i f  r   a i  n



                       a
                                            x
                                           i
                                              o
                                                  y

                                         s
                            R
                          t
                               a
                                     o
                                  A]]></page><page Index="59"><![CDATA[RealSTC






                                                         Acoustic Isolation Panels















       The RealSTC isolation panel is a
       unique solution for reducing the
       problem of sound transfer between
       rooms, ceilings and floors without major
       reconstruction.


       Designed to be installed in
                         i
                        r
                       g
                          d
                              t

                            s

                 i
               e
              c
                 l
                    g
                   n
                  i
                               h
                                              p

                                           C
                                               a
                                                    l
                                                   e
                                                 n
                                          T
                                  R

                                e
                                    e
                                        S
                                       l
                                      a
             -
           p
         r
          o
       d
       drop-ceiling grids the RealSTC panel
       provides an avg. 26dB overall STC with
       excellent low frequency performance
       down to 40Hz and greater than 30dB
       STC performance above 1.25KHz.
       The RealSTC panel  also provides an
       interior NRC value of greater than
                                       l
                                     r
                                  n
                            t
                             o
                               c
                                         i
                                            e
                                              i
                                                r
                                         n
       .85, which helps to control interior
       . 5    h  c    e p       o   t o    t r o
                    h
                          s
        8
                       l
            w
                i
           ,
                  h
       noise as well.
       Specifications:  RealAcoustix RealSTC Panel
       Utilizes the ECOSE LEED certified substrate
       All materials are Class “A” Fire-rated
       Square edges
       Face: White perforated plastic (colors extra)

           n
                                                0
                                           r

          i
                           m
                                             2
                                              5
                                                     .
                                                    f
                                                      )
             m
             i
                          o
                u
                 m

                                                   .
                                                  s
                                  o
                                 l
                                    r

                       s
       (
                              c
                         t
       (minimum custom color order 250 s.f.)
                                o
                                     o
                      u
        m
                                        d
                                          e
                                       r

                    c
       Custom fabrication in any size, shape or style
       with standard drop-ceiling 2x2 and 2x4 models
       and a maximum size of 48” x 96” (4’ x 8’)
       2.195” thickness standard
                       Contact RealAcoustix or your representative for more information]]></page><page Index="60"><![CDATA[RealCloud






                                                         Acoustic Ceiling Panels

























   The RealCloud Panel system is an
   elegant solution for everyday acoustic
   problems. Used in many different room
   applications the RealCloud solves issues
   of too much reverberation and echo,
   bringing better clarity to your room.


                      x
                      i
                        R
                             l
                           a
                          e
                     t
             A
             l
           a
               c
                   s
                  u
                 o
                             C
                                           s
                                          l
                                         e

                                               e
                                              r
                                             a
                                        n
                                 u
                                o
                               l
                                   d
                                      a
                                     p


        R
     h
      e
          e
   T
   The RealAcoustix RealCloud panels are
   available in 100’s of different styles and
   100‘s of colors of fabric.
   The RealCloud panel meets all
   LEED and Greengard certifications.
   Specifications:  RealAcoustix RealCloud Panel
   Utilizes the ECOSE LEED certified substrate
                               A
                                   F

                                 ”
     l
                          s
                            s
                              “

                                         a
                                        r
   All materials are Class “A” Fire-rated
                                           e
                                          t
   A
                                     r
                                    i
                                      e
                                            d
                                       -
                  a

                s
                    r

       m
                     e
              i
         a
             r
           e
                l
              a
           t
                       C
                        l
                         a
      l

   Square or chamfered edges available
   All edges are resin-hardened for durability
   Choice of fabrics from vast line
   Custom fabrication in any size, shape or style
   with a maximum size of 48” x 96” (4’ x 8’)
   1”, 2”, 3“ & 4” thicknesses available                         Overall NRC of 1.08 with open mounting (4” min.)
                                                          r
                                                             s
                                                                                              a
                                                                                             l
                                                   n
                                                 h
                                                      m
                                                                                                 e
                                                                                    l
                                                                         o

                                                                              o
                                                                             i
                                                                                      o
                                                                                           a
                                                               h
                                                                                        a
                                                                      n
                                                                  n
                                o
      a
                     d

                                    o

                          t
                       w
   A v  i b  e f a  e    i h w o d   r m e a    i    u  e o u    a  g i g   p t n s a s   v i  b l
   Available framed with wood or metal with numerous hanging options also available
                                            l

                                              w
                                                t
            l
        l
                  m
                                          t
         a
               r
               Contact RealAcoustix or your representative for more information]]></page><page Index="61"><![CDATA[]]></page><page Index="62"><![CDATA[RealHIP








                                                         High-Impact Resistant Panels

























                                 RealHIP with exposed plastic face
                                 State University of New York/Rochester

    The RealHIP panel absorber is a
    broadband acoustic solution designed
    specifically for areas where the panels
    may be subject to impact. This would
    include sporting areas, classrooms &
    other high-traffic occupancies.


                                            A
                               p
                                  l
      a
          r
             e
                         u

                            p
        t

                                      R
    Patterned after our popular RealAB
                  f
                                          a
                                     r

    P  t e n   d a t r o  r   o  u a    e  l  B
                    e
    and RealHIR (impact-resistant)
    panel includes a 1/16” co-polymer face
    with or without a fabric layer that provides
    excellent protection for the panel
    while maintaining great absorption.
    Specifications:  RealAcoustix RealHIP Panel
                                                  r
                    L
                                                     t
                                   r
                                 c
                                     i
                                        e
                                      f
                         L

                                                s

                                             u
       i
              t
               h
         z
        l
            s

    Utilizes the 6LB. LEED certified substrate
    U t i e     e  6  B .  E E D   e t i d s  b  t a  e
    All materials are Class “A” Fire-rated
    Square edges
    All edges are hardened for durability
    Custom fabrication in any size, shape or style
    with a maximum size of 48” x 120” (4’ x 10’)
    1 1/16” to 4 1/16” thicknesses available
                                                                                m
                                                                                    t
                                          t

                                                                                      o
                                                     o
                                                               o

                                                              f
                                                           i
                                                        s
                                                           x
                                                                           n
                                                                             o
                                           R
                                               a
                                                 A
                                                                       r









                                        Contact RealAcoustix for more information
                                C o   t c    e  l  c   u  t     r m  o  e i f  r   a i  n








                                      a
                                    n]]></page><page Index="63"><![CDATA[5HDO +,5






                                                         ,PSDFW 5HVLVWDQW 3DQHOV









       77KH 5HDO +,5 SDQHO DEVRUEHU LV D
       EURDGEDQG DFRXVWLF VROXWLRQ GHVLJQHG
       VSHFLILFDOO\ IRU DUHDV ZKHUH WKH SDQHOV
       PD\ EH VXEMHFW WR LPSDFW  7KLV ZRXOG
       LQFOXGH VSRUWLQJ DUHDV  FODVVURRPV
       RWKHU KLJK WUDIILF RFFXSDQFLHV


              Q
                          R
                                              $
                        U
                                            D
                                         5
          W
                                  S
            H
                               S
                                       U
                             U
                                     O
                 G
                   D
       3DWWHUQHG DIWHU RXU SRSXODU 5HDO$%
       3 D W U  H    I H   X    R  X  D    H  O %
                      W
       SDQHO WKH 5HDO$% +,5  LPSDFW UHVLVWDQW
       SDQHO LQFOXGHV D    ´ KLJK GHQVLW\
       ILEHUJODVV OD\HU XQGHU WKH IDEULF OD\HU WKDW SURYLGHV                    )DEULF /D\HU
       SURYLGHV H[FHOOHQW SURWHFWLRQ IRU WKH SDQHO
       ZKLOH PDLQWDLQLQJ JUHDW DEVRUSWLRQ FRHIILFLHQWV
                                                                                      ,PSDFW /D\HU
       6SHFLILFDWLRQV   5HDO$FRXVWL[ 5HDO+,5 3DQHO                              &RUH
                       &

                            (
                                                   X

                                              H
                                                           W
                                                        U
                                                      V
                                       F
                                  (
                               /
                                            I
                                           L
                                         U
          O
            ]
              V
       8WLOL]HV WKH (&26( /((' FHUWLILHG VXEVWUDWH
       8 W L H     H (   2 6     (  '   H W  L G V  E  W D  H
         L
                W
                 K
       $OO PDWHULDOV DUH &ODVV ³$´ )LUH UDWHG
       6TXDUH  FKDPIHUHG RU URXQGHG HGJHV DYDLODEOH
       $OO HGJHV DUH UHVLQ KDUGHQHG IRU GXUDELOLW\
       &KRLFH RI IDEULFV IURP DOO SRSXODU PDQXIDFWXUHUV
       &XVWRP IDEULFDWLRQ LQ DQ\ VL]H  VKDSH RU VW\OH
       ZLWK D PD[LPXP VL]H RI   ´ [    ´   ¶ [   ¶
                                             Y
            ´ DQG      ´ WKLFNQHVVHV DYDLODEOH
                            K

                                                    O
                                                 D
                Q         ´ W L N  H  V  V D  D O E  H
                                                L
              D
                                  Q



            ´

                               F
                                     V

                                        H

                 G
        $670 &     7HVW 'DWD       ´   )UHT                  .+]     .+]   .+]    15&

                                ´   )UHT                   .+]    .+]    .K]    15&



                          &RQWDFW \RXU 5HDO$FRXVWL[ 5HSUHVHQWDWLYH IRU PRUH LQIRUPDWLRQ]]></page><page Index="64"><![CDATA[Call







                       (801) 782-1010











                                  to discuss







               your next project







                                                    with]]></page></pages></Search>